{
  "stability_score": 0.09471906366991178,
  "annual_income": 0.07918195789055281,
  "credit_history_years": 0.07872443853115396,
  "credit_utilization": 0.07734216233787815,
  "payment_burden_ratio": 0.07192535572230471,
  "loan_to_income_ratio": 0.07126146023280941,
  "age": 0.0653730415028653,
  "debt_to_income_ratio": 0.05476581302660629,
  "loan_amount": 0.05143248549612308,
  "employment_length_years": 0.04751749814887416,
  "late_payments_12m": 0.0453126922351766,
  "savings_balance": 0.043255450932499856,
  "monthly_debt": 0.04250229662296046,
  "loan_purpose": 0.036332678060641714,
  "open_accounts": 0.032263806269959915,
  "employment_type": 0.022296775129870914,
  "education_level": 0.021479261070828922,
  "home_ownership": 0.020870475943191566,
  "delinquencies": 0.018594560632320196,
  "loan_term_months": 0.018208274094395033,
  "previous_defaults": 0.005641587180772991,
  "bankruptcies": 0.0009988652683023567
}